{
  "train_loss": [
    0.6807953456662735,
    0.569341342199728,
    0.5073241385955549
  ],
  "train_acc": [
    64.79416809605489,
    70.66895368782161,
    75.38593481989709
  ],
  "learning_rate": [
    2e-05,
    2e-05,
    2e-05
  ],
  "epoch": [
    1,
    2,
    3
  ]
}