{
  "train_loss": [
    0.5895038738872338,
    0.47433428658015936
  ],
  "train_acc": [
    71.39794168096054,
    77.40137221269296
  ],
  "learning_rate": [
    0.0002,
    0.0002
  ],
  "epoch": [
    1,
    2
  ]
}