{
  "train_loss": [
    0.584177991333793,
    0.47926923888216294,
    0.3668880029669348
  ],
  "train_acc": [
    69.5540308747856,
    76.84391080617496,
    84.30531732418525
  ],
  "learning_rate": [
    0.0002,
    0.0002,
    0.0002
  ],
  "epoch": [
    1,
    2,
    3
  ]
}