{
  "args": {
    "num_labels": 2,
    "file_name": "mentalmanip_con",
    "train_ratio": 0.8,
    "model_name": "meta-llama/Llama-3.2-3B-Instruct",
    "output_dir": "./results/llama",
    "num_epochs": 3,
    "batch_size": 8,
    "learning_rate": 0.0001,
    "lora_r": 16,
    "lora_alpha": 32,
    "lora_dropout": 0.1,
    "gradient_accumulation_steps": 4,
    "log_dir": "./logs"
  },
  "metrics_history": {
    "train_loss": [
      0.7469032725242719,
      0.544272631815035,
      0.46133068285576284
    ],
    "train_acc": [
      61.83533447684391,
      73.54202401372213,
      78.60205831903946
    ],
    "learning_rate": [
      0.0001,
      0.0001,
      0.0001
    ],
    "epoch": [
      1,
      2,
      3
    ]
  },
  "final_test_loss": 0.5042996969941544,
  "final_test_accuracy": 76.15780445969125,
  "eval_metrics": {
    "batch_losses": [
      0.4573211669921875,
      0.2104473114013672,
      0.557769775390625,
      0.66851806640625,
      0.7816696166992188,
      0.18602705001831055,
      0.379425048828125,
      0.6274452209472656,
      0.7085475921630859,
      0.2391681671142578,
      0.488311767578125,
      1.180765151977539,
      0.6347446441650391,
      0.39304351806640625,
      0.6615142822265625,
      0.6424713134765625,
      0.6350479125976562,
      0.3095283508300781,
      0.5692787170410156,
      0.43039989471435547,
      0.6652143001556396,
      0.44873809814453125,
      0.27367448806762695,
      0.20214462280273438,
      0.3789787292480469,
      0.33626699447631836,
      0.7908263206481934,
      0.4984893798828125,
      0.4828758239746094,
      0.4822230339050293,
      0.5896501541137695,
      0.20565414428710938,
      1.3263425827026367,
      0.5468177795410156,
      0.812896728515625,
      0.5241413116455078,
      0.3661479949951172,
      0.3607358932495117,
      0.6079597473144531,
      0.8056678771972656,
      0.3950796127319336,
      0.31160926818847656,
      0.7532806396484375,
      0.6017913818359375,
      0.30521297454833984,
      0.3648719787597656,
      0.3603096008300781,
      0.5716228485107422,
      0.36627960205078125,
      0.5922670364379883,
      0.3318347930908203,
      0.14270782470703125,
      0.8218250274658203,
      0.4215102195739746,
      0.5708484649658203,
      0.4719104766845703,
      0.408538818359375,
      0.5452327728271484,
      0.14764404296875,
      1.2562217712402344,
      0.09847164154052734,
      0.6970481872558594,
      0.1813364028930664,
      0.2205805778503418,
      0.6063156127929688,
      0.44647979736328125,
      0.3762683868408203,
      0.3325386047363281,
      0.9398345947265625,
      0.4306507110595703,
      0.2281646728515625,
      0.3275032043457031,
      0.7211957573890686
    ],
    "batch_accuracies": [
      75.0,
      87.5,
      62.5,
      75.0,
      62.5,
      87.5,
      87.5,
      50.0,
      37.5,
      87.5,
      62.5,
      25.0,
      75.0,
      75.0,
      50.0,
      75.0,
      50.0,
      75.0,
      75.0,
      87.5,
      62.5,
      87.5,
      87.5,
      100.0,
      87.5,
      87.5,
      62.5,
      75.0,
      75.0,
      87.5,
      62.5,
      100.0,
      50.0,
      75.0,
      75.0,
      75.0,
      87.5,
      75.0,
      62.5,
      75.0,
      75.0,
      87.5,
      75.0,
      62.5,
      87.5,
      87.5,
      87.5,
      75.0,
      75.0,
      75.0,
      87.5,
      100.0,
      87.5,
      75.0,
      62.5,
      75.0,
      75.0,
      75.0,
      100.0,
      37.5,
      100.0,
      87.5,
      100.0,
      87.5,
      50.0,
      62.5,
      87.5,
      87.5,
      62.5,
      87.5,
      100.0,
      100.0,
      71.42857142857143
    ]
  },
  "model_info": {
    "total_parameters": 3215049730,
    "trainable_parameters": 2299906
  }
}