{
  "train_loss": [
    0.6343318520442903,
    0.5764467949319254,
    0.5170664435594405
  ],
  "train_acc": [
    65.9090909090909,
    70.28301886792453,
    74.78559176672384
  ],
  "learning_rate": [
    2e-05,
    2e-05,
    2e-05
  ],
  "epoch": [
    1,
    2,
    3
  ]
}