{
  "args": {
    "num_labels": 2,
    "file_name": "mentalmanip_con",
    "train_ratio": 0.8,
    "model_name": "meta-llama/Llama-3.2-3B-Instruct",
    "output_dir": "./results/llama",
    "num_epochs": 3,
    "batch_size": 4,
    "learning_rate": 2e-05,
    "lora_r": 16,
    "lora_alpha": 32,
    "lora_dropout": 0.1,
    "gradient_accumulation_steps": 4,
    "log_dir": "./logs"
  },
  "metrics_history": {
    "train_loss": [
      0.6807953456662735,
      0.569341342199728,
      0.5073241385955549
    ],
    "train_acc": [
      64.79416809605489,
      70.66895368782161,
      75.38593481989709
    ],
    "learning_rate": [
      2e-05,
      2e-05,
      2e-05
    ],
    "epoch": [
      1,
      2,
      3
    ]
  },
  "final_test_loss": 0.50966166143548,
  "final_test_accuracy": 75.98627787307032,
  "eval_metrics": {
    "batch_losses": [
      0.5423583984375,
      0.4325599670410156,
      0.4073486328125,
      0.32692909240722656,
      0.1575927734375,
      0.5396728515625,
      0.657196044921875,
      0.4499168395996094,
      0.7760467529296875,
      0.1614532470703125,
      0.415618896484375,
      0.18719482421875,
      0.3535308837890625,
      0.7489013671875,
      0.3630218505859375,
      0.2741546630859375,
      0.6610107421875,
      1.1051979064941406,
      0.712921142578125,
      0.8238983154296875,
      0.11400604248046875,
      0.283203125,
      1.16650390625,
      0.2683563232421875,
      0.8223876953125,
      0.506988525390625,
      0.28415679931640625,
      0.34754180908203125,
      1.63720703125,
      0.8505859375,
      0.96331787109375,
      0.37762451171875,
      0.22112274169921875,
      0.74951171875,
      0.4775543212890625,
      0.30284881591796875,
      0.5026397705078125,
      0.40264892578125,
      0.2443695068359375,
      1.320709228515625,
      0.19116973876953125,
      0.2310028076171875,
      0.40015411376953125,
      0.572601318359375,
      0.7353668212890625,
      0.8048095703125,
      0.3763427734375,
      0.3973388671875,
      0.420501708984375,
      0.19971847534179688,
      0.22071075439453125,
      0.6083526611328125,
      1.024688720703125,
      0.6407470703125,
      0.4974174499511719,
      0.4758148193359375,
      0.48236083984375,
      0.42657470703125,
      0.835693359375,
      0.21527099609375,
      0.8574447631835938,
      0.408447265625,
      0.19903564453125,
      0.44964599609375,
      0.44345855712890625,
      0.789306640625,
      0.2611846923828125,
      0.13857460021972656,
      0.3534088134765625,
      0.500762939453125,
      0.3284912109375,
      0.427215576171875,
      0.963958740234375,
      0.9214935302734375,
      1.071533203125,
      0.492401123046875,
      0.676422119140625,
      0.6922607421875,
      0.26081085205078125,
      0.7861175537109375,
      0.5425949096679688,
      0.8217048645019531,
      0.3563232421875,
      0.0964813232421875,
      0.4923095703125,
      0.4520263671875,
      0.33284759521484375,
      0.52410888671875,
      0.45351409912109375,
      1.3230361938476562,
      0.1544189453125,
      0.648590087890625,
      0.292022705078125,
      0.1751861572265625,
      0.34881591796875,
      0.24993896484375,
      0.2022705078125,
      0.765167236328125,
      0.5087127685546875,
      0.201934814453125,
      0.25444793701171875,
      0.29033660888671875,
      0.514984130859375,
      0.3186664581298828,
      0.5296173095703125,
      0.43708038330078125,
      0.25109100341796875,
      0.3274688720703125,
      1.04913330078125,
      0.40528106689453125,
      1.1276359558105469,
      0.5079345703125,
      0.336090087890625,
      0.9986495971679688,
      0.648834228515625,
      0.507781982421875,
      0.527557373046875,
      0.47335052490234375,
      0.468536376953125,
      0.7946929931640625,
      0.6068572998046875,
      0.28839111328125,
      0.21688461303710938,
      0.543792724609375,
      0.45000457763671875,
      0.1932220458984375,
      0.66400146484375,
      0.47271728515625,
      0.9199066162109375,
      0.513824462890625,
      0.1629314422607422,
      0.4298095703125,
      0.1168365478515625,
      0.358795166015625,
      0.84619140625,
      0.0944061279296875,
      0.276275634765625,
      0.431854248046875,
      0.5822525024414062,
      0.2799072265625,
      0.27752685546875,
      0.2868194580078125,
      0.7538070678710938,
      0.5506591796875,
      0.61962890625,
      1.043701171875
    ],
    "batch_accuracies": [
      75.0,
      75.0,
      75.0,
      75.0,
      100.0,
      75.0,
      50.0,
      50.0,
      50.0,
      100.0,
      75.0,
      100.0,
      75.0,
      75.0,
      75.0,
      100.0,
      75.0,
      25.0,
      25.0,
      50.0,
      100.0,
      100.0,
      25.0,
      100.0,
      50.0,
      75.0,
      100.0,
      75.0,
      0.0,
      50.0,
      75.0,
      100.0,
      100.0,
      50.0,
      75.0,
      100.0,
      50.0,
      75.0,
      100.0,
      50.0,
      100.0,
      100.0,
      75.0,
      50.0,
      50.0,
      50.0,
      100.0,
      75.0,
      75.0,
      100.0,
      100.0,
      75.0,
      25.0,
      75.0,
      75.0,
      75.0,
      75.0,
      75.0,
      50.0,
      100.0,
      50.0,
      75.0,
      100.0,
      75.0,
      75.0,
      50.0,
      100.0,
      100.0,
      75.0,
      75.0,
      100.0,
      75.0,
      50.0,
      50.0,
      25.0,
      75.0,
      75.0,
      75.0,
      100.0,
      75.0,
      50.0,
      50.0,
      100.0,
      100.0,
      75.0,
      100.0,
      100.0,
      100.0,
      75.0,
      25.0,
      100.0,
      75.0,
      100.0,
      100.0,
      100.0,
      100.0,
      100.0,
      50.0,
      75.0,
      100.0,
      100.0,
      100.0,
      75.0,
      100.0,
      75.0,
      75.0,
      100.0,
      100.0,
      50.0,
      75.0,
      50.0,
      75.0,
      75.0,
      50.0,
      75.0,
      75.0,
      75.0,
      50.0,
      75.0,
      25.0,
      75.0,
      100.0,
      100.0,
      75.0,
      75.0,
      100.0,
      75.0,
      100.0,
      50.0,
      75.0,
      100.0,
      75.0,
      100.0,
      75.0,
      25.0,
      100.0,
      100.0,
      75.0,
      75.0,
      100.0,
      100.0,
      100.0,
      75.0,
      75.0,
      75.0,
      33.333333333333336
    ]
  },
  "model_info": {
    "total_parameters": 3215049730,
    "trainable_parameters": 2299906
  }
}