{
  "train_loss": [
    0.7469032725242719,
    0.544272631815035,
    0.46133068285576284
  ],
  "train_acc": [
    61.83533447684391,
    73.54202401372213,
    78.60205831903946
  ],
  "learning_rate": [
    0.0001,
    0.0001,
    0.0001
  ],
  "epoch": [
    1,
    2,
    3
  ]
}